,AZ,SC,LA,MN,NJ,OR,,VA,RI,KY,WY,NH,MI,NV,WI,ID,CA,CT,NE,MT,NC,VT,MD,DE,MO,IL,ME,WA,ND,MS,AL,IN,OH,TN,NM,IA,PA,SD,NY,TX,WV,GA,MA,KS,FL,CO,AK,AR,OK,UT,HI,Unemployment Rate,Consumer Price Index for All Urban Consumers,Effective Federal Funds Rate,Gross Domestic Product
06-2019,1291.9094450695661,1165.8240950189693,1095.214347226921,1152.3405553779507,1491.7605131668092,1379.4156632407576,1518.6639857915036,1228.6176613380646,1390.1982638857457,884.5945560811418,927.7494551405072,1293.2488612787201,1001.2900477112659,1406.4782592204308,980.2910260028816,1107.3754253858529,1902.5826124987634,1408.8680660831628,1006.3162530132055,906.918834641701,1135.3996437914368,1428.242723752857,1249.1469281438942,1269.0157653905837,919.7112875443114,902.5422401046108,1170.007136977908,1392.1686682911795,971.78411600339,1013.316056377693,1061.1693809311316,881.0530465745701,888.2367346707915,1084.5973030041146,1125.1833778032894,900.8768533043257,1030.552079166022,892.7768258574731,1251.8283055781003,1131.8678475120073,935.3088160181771,1042.6500371735328,1693.388234278969,813.6051855477978,1388.0159200873072,1479.2551714236672,1246.6841289750469,934.1047968042711,918.8203364715127,1450.683171440383,2261.12169114851,3.6,255.213,2.38,21384.775
07-2019,1298.162411362472,1171.4980618585644,1099.1635641970017,1150.8828090414693,1490.5487488224148,1381.3685944219953,1524.9287220529884,1227.0474508986822,1387.8487325818746,889.7000423427355,934.761161507202,1296.7811050027858,1004.2898793874222,1412.0473745264662,980.312890274146,1118.7711635524377,1913.6418064836541,1411.1281970088444,1005.8507780204642,909.6304341531351,1138.8167433274766,1432.9134966531474,1253.1254053674177,1279.810500357479,922.1271160063816,902.0651406156951,1169.896443175375,1398.5748205687833,977.9636200988592,1014.4924611141171,1060.4305739853232,887.1871273396123,891.2057134495202,1088.822290965318,1138.51948525539,900.3118047414595,1034.261533248132,895.8866719526816,1255.370647035721,1134.505775121542,948.6011797079238,1049.3388532595266,1706.721290472638,816.4799075728405,1394.448097568326,1477.8947228958518,1249.4726804700194,938.4117790551423,921.7069164616756,1450.493052959605,2265.100183335974,3.7,255.802,2.4,21694.282
08-2019,1301.787595636531,1173.2057399806693,1096.604475052375,1152.1024275004218,1490.8881784713346,1384.8736973635364,1528.3581415949934,1228.94069811437,1385.4705654084664,892.2016630616805,941.7574517276792,1308.3887484710112,1007.8180611704752,1414.9171888947442,979.015774922065,1123.856341540727,1916.9691881202657,1414.4695231491692,1004.8845857858616,908.2875572244876,1139.6087795938477,1429.822809934396,1253.6383779893065,1279.9962336047251,920.9734334589817,907.0475447025539,1165.4185571694445,1402.54712431877,975.2931449725213,1017.7986046614942,1063.2640393768029,886.8196331501297,889.9650631743359,1093.3690664710357,1145.6782213525105,901.4856321674273,1036.2456404778854,895.1864956984512,1258.4779459478,1134.2368360081684,949.103167176622,1051.6332928467207,1706.1761691633335,813.8378324049633,1402.6055932496495,1482.3357169319822,1251.8615273561122,940.9718391408214,922.581376974215,1456.7725137096063,2274.677514237344,3.6,256.036,2.13,21694.282
09-2019,1304.1498110853333,1174.8143288395986,1091.8329877442927,1145.6657748161845,1483.3365753565909,1384.4568583746461,1528.5137829051437,1224.0985183289904,1392.4277158564942,889.8560547819458,943.10300914608,1315.0038150127343,1010.5159817595973,1418.8050209506587,979.9315414944786,1125.5800579727613,1917.1532211362032,1414.9474950717129,999.1211115747576,908.0153652012114,1141.2877602658339,1433.039056100166,1251.9949882688225,1283.6171126864183,920.9686216675876,909.1125235840615,1167.5202326216504,1403.5211495549725,974.5835922965545,1024.9206819516403,1062.4980112756007,889.6515525923096,891.2577341214608,1094.70032907303,1153.422947945379,901.5203152083033,1038.0695793029759,900.2747338324936,1264.391229658547,1130.9905499957115,953.0403410944846,1059.2607710317566,1692.5785754211754,815.0659937166168,1412.007777528988,1481.3046504108784,1255.6551968416409,939.3276437939032,924.0785148647834,1454.432012311489,2280.3010255474287,3.5,256.43,2.04,21694.282
10-2019,1301.7822645478768,1172.3487387934906,1085.2128359411513,1147.0513471656006,1494.422654684225,1382.4384083113962,1527.2467239858472,1228.5138357681951,1397.182531780316,886.9385244003919,938.8463091415379,1311.0777467028818,1013.1602981215143,1418.1420093802017,982.9861861922874,1122.8588520049905,1916.2699519336588,1416.0039620054054,995.8148904757591,908.8894968967421,1142.0462395438246,1449.152837342152,1252.721576580571,1273.3203263889964,919.9787216355729,911.4133656156192,1168.0698139207686,1405.7274077397544,965.4129637210792,1032.4921978712885,1066.2029182192105,889.7667177436708,891.7434098588258,1094.0631953171835,1148.718826210795,906.8050625689758,1038.4903223883184,895.7927449960143,1264.3968933312049,1128.953591892101,943.4346183288362,1059.291559171533,1692.0766343785483,815.7232702229081,1420.8631707926274,1489.4063641681398,1248.4597567282738,939.0016006208484,922.854365481517,1451.5973894951137,2284.7333896904875,3.6,257.155,1.83,21902.39
11-2019,1304.6744100881072,1175.3459035888513,1084.6400187202423,1145.843582604652,1500.9549745248353,1381.454564543757,1526.228349850725,1229.6608122575878,1395.3775784124318,886.0420146840145,934.7282193809133,1313.847060429594,1014.1141452927639,1416.5386655775728,987.8383222866593,1121.3632536495943,1916.5464751771028,1410.275758374726,996.4027927395507,905.3248666346936,1143.5979097389636,1451.3804932338712,1255.9808478459352,1290.7360547895455,921.3743989670832,906.661092809608,1174.1150567368115,1404.2056550331872,969.4581044473941,1036.3362731075972,1065.410523561454,889.4541068462345,893.1992305660185,1093.5495564085586,1141.2890659923744,909.6825362607748,1040.4656966274003,894.1419685061082,1264.9635709916506,1126.4333021909206,946.2541664515768,1060.1061148900385,1687.8148135381023,823.5132655492398,1425.1546176976963,1489.9810863023165,1243.7194666518872,936.458529072603,925.6414077298183,1281.89130024443,2283.297637095752,3.6,257.879,1.55,21902.39
12-2019,1308.5852523023848,1174.5448211978735,1083.3949661512906,1154.314681625819,1512.5444353731364,1382.157795741126,1527.4115138265327,1234.5222786454954,1389.5894435629803,886.8933499999421,940.2704579015676,1317.074372131884,1013.2704401778643,1414.2171175860008,993.5948684746686,1127.0499530436073,1919.3715770370018,1414.2128465744086,1000.127636599901,899.9198663084684,1143.0366118520012,1433.5420615085438,1261.7363350796065,1293.3394571051817,922.9427349958418,904.7095361941283,1170.142542497849,1403.0331251200566,972.078873679131,1038.3449555001716,1065.8137900574757,885.2171475201741,892.9747994291738,1098.4203556752088,1143.0021068281685,911.8083846170894,1040.752880969336,896.6003449639845,1263.3410230254303,1125.6684357020206,951.2564552103614,1058.052677631286,1731.2294642048143,826.0844316735158,1428.1568929871635,1497.5428387219656,1237.982125831662,939.2847373697148,925.6228633270448,1459.8216665992131,2288.548005356387,3.6,258.63,1.55,21902.39
01-2020,1319.9712247951547,1181.8099128860135,1086.1531167435712,1160.1447798863842,1517.825314707887,1389.759720821404,1532.7769399536755,1240.3388393730306,1397.8173097669955,889.5603898274449,952.0838275998758,1333.361278451876,1014.469823032076,1416.5476087783472,996.4259340158982,1132.688614817638,1926.3998901375737,1420.3869700545417,1004.9379466129894,893.4437440929786,1147.4843938579481,1379.215873575595,1267.5026522881856,1301.0680921808103,927.7834442272355,910.970586850807,1173.99324416724,1412.0622798560971,978.4776333582786,1039.3308849600733,1071.479759083805,888.0767423545961,896.0628368993554,1106.2381723048738,1149.3681500644016,914.8744859476492,1042.874136039315,903.9571686846097,1266.54440125034,1128.9862387479507,959.9668162354136,1062.5771652849876,1750.7068325152961,830.0465335675548,1427.2312345551816,1500.270186329967,1242.0794932841018,940.3570656702254,929.6695299551976,1479.324749773627,2289.5793889764554,3.6,258.906,1.55,21706.513
02-2020,1328.298116906157,1187.7097720330923,1084.9994408133696,1163.993104382894,1523.34790413998,1392.5156672782305,1541.3851763606547,1245.9080897161257,1416.2848906223214,893.746143840676,958.6382046556207,1337.9881266318016,1020.690677486522,1422.9079037565884,1001.0572151355119,1140.564790602051,1935.702213348689,1436.4119599604915,1008.5454130751375,903.0469526070043,1151.8222395602857,1392.675576913395,1278.1565168112754,1299.0984542781666,934.568728585916,914.9700732146459,1178.0551244735093,1424.897565213859,974.1404070605229,1043.9235174491218,1074.3441692430615,892.4292377313673,900.6456826556954,1112.3228259651694,1164.9953949535836,916.1238429910836,1047.3864327197696,909.961238189559,1276.9205318140964,1137.1338547806943,961.3858181848191,1069.4140416532846,1805.3155511889418,830.912746531804,1431.2310546540682,1515.093822083698,1244.4410133019778,946.8921666601684,931.4578776945117,1489.8642888503987,2297.5874662051892,3.5,259.246,1.58,21706.513
03-2020,1339.4998301627797,1193.609953791734,1090.8917296143031,1166.4666969716511,1529.9750017138292,1399.8683260846117,1549.7982570868976,1252.0703814364183,1433.9379455652115,894.2478255430455,955.0109993607662,1330.343339109159,1026.4039492572936,1430.876947651429,1003.9561267885965,1146.0851877021653,1942.514147180495,1446.9212604100203,1017.6933145435005,911.6786713057044,1159.531953005637,1411.9245184029642,1283.6151369952238,1307.1955690584682,941.782154117365,920.255720402175,1190.600422966252,1442.594178303558,974.4860118552665,1050.0171421307548,1080.9334297714722,899.466394455033,908.520548270773,1114.3178329900663,1167.9750441725012,919.7963898467989,1055.4604914225206,912.4243881364828,1285.4933099517477,1143.0250095158383,954.7215480191528,1076.4458410375971,1798.8832512140941,834.0560624211588,1434.372991221212,1518.7243250363686,1252.1776333986509,952.8957662269165,935.3094241045833,1488.6726918463987,2290.599193732453,4.4,258.15,0.65,21706.513
04-2020,1340.4282418846028,1191.72251691788,1090.4391463517445,1168.4345177187258,1526.0054616299353,1396.4939804907833,1549.7903561577664,1256.0802605499007,1441.7817291004706,897.8661641638766,949.6706225804843,1328.2903911551275,1031.049734615304,1427.5442864755269,1009.7495405312823,1153.5102380414098,1939.780537920198,1459.0995995732071,1028.4076009850346,920.5478329491356,1163.4026654032766,1459.1512835786607,1286.7819658140913,1297.1485714938508,945.7586185875604,917.7734678535664,1201.9604909718134,1444.305197966803,979.159531793414,1057.5275117096219,1082.9451749767388,900.5314380077269,913.5412927844978,1117.6684169351163,1163.412403479506,915.8001018487454,1059.9618639437826,913.9999575264158,1287.4436466950758,1142.097370400367,953.0626779751951,1067.904115871555,1808.4910415144707,833.6023959269102,1432.6590913654081,1524.6137430969218,1251.159073399726,956.3635186870832,936.6956584475593,1476.7333711910444,2279.4351703830725,14.8,256.126,0.05,19913.143
05-2020,1341.6308264092663,1190.5618014729125,1095.2520919356198,1171.2609114462798,1517.9013806879807,1401.646408064311,1547.9519143072278,1258.0193110519908,1439.4169417800729,899.1646086556069,902.6102288270907,1336.3796850566546,1032.2396187534923,1425.7511929482139,1015.640836294731,1159.3840519825978,1940.3345867915114,1463.6988928851256,1036.5941868515135,924.6039022774925,1168.7713651338252,1459.5372714152525,1282.9616882728742,1298.3335064423172,948.2589486447589,920.4110587401397,1209.42636012762,1447.3836272025046,990.7223303599364,1059.6417166912795,1088.749054780422,906.095592966315,920.1878309868332,1121.5035493859823,1152.6353492121345,915.291819044243,1062.0128625779075,916.0908193693518,1285.9027934203295,1136.2528655104204,954.8047275613503,1070.5538229385613,1788.152439802304,835.8744382918912,1431.1549589697302,1516.6254832607258,1258.9627204698306,959.2272118177395,940.8950580976122,1469.380640194395,2263.625863096624,13.2,255.848,0.05,19913.143
06-2020,1348.6675832517337,1196.9200766287738,1101.1636638442046,1169.029271859034,1520.6692191925,1409.663944411652,1547.5734483407305,1260.4020703767844,1441.0207494302608,911.4630104458422,901.4336440284193,1359.7149676273661,1036.3258602298458,1425.7956777339477,1015.1346483595863,1165.2728599233026,1943.8515029507898,1465.7392866634686,1041.4650370155728,936.9312300469452,1175.6137409677015,1476.5111082160613,1289.0807089579282,1307.062070350035,952.6662832606833,923.6271764128312,1226.5278546262875,1448.8540394547565,988.9878264913939,1063.9628172384473,1093.754251159027,910.4665346753326,922.5330051617523,1128.3569766638213,1154.8345256092962,915.4914379452545,1067.773768261914,919.1738235666486,1289.5244419824185,1134.1525880875727,963.3330012463143,1075.9924760053852,1774.4454325743134,836.9421687764992,1431.6798781649575,1510.5392389894025,1259.0500846656519,962.5522469120374,943.9000192374452,1473.0398884625063,2257.858799435739,11.0,257.004,0.08,19913.143
07-2020,1362.562449613524,1209.0680068872423,1110.209234728026,1173.408087204454,1536.899082319333,1428.9467649011563,1552.694793705927,1269.0414987844265,1446.7122112566117,918.9309027182969,948.689495251089,1374.8214424246746,1044.3875269055475,1439.154515962599,1017.539003800747,1180.8924777104696,1954.324318992421,1474.3204779631903,1046.729304685475,952.1047046425718,1183.569380950637,1497.7765581182496,1297.5685826805102,1329.6216569534154,960.3215856515046,927.9027596656191,1243.6347294446912,1461.9906172671112,991.1075317313054,1066.6771258143253,1101.333645845369,918.6349347556747,928.2131070339179,1137.0473719977072,1160.7690420052877,918.1226998216589,1076.4139731612174,920.4519893661347,1298.4858771944448,1135.4385241581008,970.1943454005423,1084.8700295798633,1770.5111142787273,841.8938114811738,1445.6558511045664,1514.3067327907124,1267.3432471553615,970.5069208345657,950.7470759629596,1492.4204226849722,2263.189443018047,10.2,258.408,0.09,21647.64
08-2020,1376.025291638222,1218.7467603279647,1116.3158827292636,1174.2493405344871,1560.769030950488,1444.433655719209,1554.1444361853728,1277.6831188806511,1459.814684362033,926.5568818812251,923.2463481519804,1383.0145704934394,1082.6964728527287,1460.0752856366887,1012.3879668200211,1200.9005873476956,1952.0911626932746,1491.6013489756167,1050.8044418778795,965.1462757210983,1191.323282905835,1504.1532656244076,1305.0105793578803,1346.8709248394914,969.1278876377592,930.1932958607539,1254.8723884110632,1475.6007522178481,992.7991234864804,1081.086462754104,1107.6534775860523,923.2409501592768,928.953313889357,1146.5943170364455,1181.068112828046,921.5213781728517,1062.9676168800981,924.5763593853487,1181.6602032267804,1139.7544960340795,965.6924146690576,1099.4011939939874,1549.9924737999197,841.8172281213708,1460.1872258320354,1531.6390690678008,1270.3669511762416,976.3574846753876,955.6699155426454,1506.2905139847871,2263.427899908375,8.4,259.366,0.1,21647.64
09-2020,1390.7673731641007,1224.5867340815375,1124.7814059891762,1181.155830232729,1575.7757238161648,1481.3927673396586,1551.6984533169832,1285.8183618148064,1475.0525033638821,928.8322599907755,926.6050080210516,1395.908442935795,1054.245944134232,1482.6152021210332,1014.282792541539,1217.1076795530396,1934.2052512656796,1509.712846213087,1048.746439586792,984.3548532322035,1196.613176402941,1509.434556873069,1304.4776473137379,1344.5699248374733,970.465588012378,930.8909265985178,1259.2709960297702,1479.8524743195733,999.2630521976694,1089.7665149261736,1113.5838136614545,929.9752958821887,933.3952514561812,1157.196783923182,1191.0761108835197,923.6781588704008,1088.4549721629542,933.2783016422941,1194.6224683587573,1142.1758742504019,963.93203357333,1111.0928407110864,1561.704419600939,845.2755181504923,1476.1345107025184,1552.9101380130926,1280.2513102727623,980.3512158208548,965.7006437970764,1528.8585992156914,2271.75413037845,7.8,259.951,0.09,21647.64
10-2020,1408.356183055034,1229.6751709984953,1122.4372125182279,1178.9762796903356,1581.8282199142595,1460.0754147827643,1548.8557629375812,1288.8409169538968,1485.3707357155804,928.9995124255381,914.7231243115872,1405.3284733701435,1056.2002080638904,1501.2393682828808,1019.7647845107617,1236.623551341441,1982.4828459933437,1524.377560781742,1040.7556597703342,981.3505575925907,1204.2023589588264,1516.369441691226,1301.5367317174685,1354.4178327455647,971.4513469841462,931.4640368958567,1269.5715489941415,1478.4937514141166,1002.1126313079294,1098.7549725669385,1118.2415455954244,935.6027557791887,935.913271264237,1164.333091772143,1207.0660119888769,930.7523225499793,1084.9762636027351,928.7883962136868,1324.8329368831348,1145.1102808942617,970.1438810364352,1120.5630780777317,1759.4457093513781,847.8687412292295,1491.3305771056037,1566.8870062629378,1286.8884811100545,984.359598626808,969.3120243586093,1552.5047030998978,2266.531481208314,6.8,260.249,0.09,22024.502
11-2020,1418.4357262783028,1233.9556941462592,1171.0107869534686,1179.6886864524697,1580.3402883982121,1468.8820805414077,1547.8990306227588,1298.5644805263014,1495.8836312365115,927.566907516952,909.1931007361712,1413.5656003619415,1061.1661801605435,1511.4787784161554,1024.3017819724755,1257.557464969671,1992.6515833705482,1528.4256282327271,1032.3373607641624,990.2938399942924,1209.2597274763027,1530.461177768228,1308.5867637907825,1348.660371789367,969.686122913032,931.8955296070193,1278.8697637277758,1472.3413943261469,936.1330139784286,1090.4672997977123,1079.1078966298892,941.5868045338736,939.1499340641642,1148.2831072758347,1216.7917823444088,933.4037117085185,1094.3593531790207,938.1899826966752,1327.4701275088794,1147.746611894401,973.4636846038175,1121.1460884309424,1750.3996772589708,852.7962696047953,1505.8456570323217,1569.9357787288195,1293.4303503524168,987.0541668002562,977.4288450911881,1578.3097602056555,2277.1915388330985,6.7,260.895,0.09,22024.502
12-2020,1424.7748797616896,1238.2605367656672,1150.7310976322794,1179.0666528442057,1584.9038190812544,1480.484879027749,1550.3759522185142,1302.9531158027105,1504.4680397524476,925.6625059523267,914.8915262751585,1429.106294214614,1063.8884460926636,1518.2561565423794,1023.3131744126815,1272.2898792642825,2003.5978634391377,1531.0590542355108,1034.6746492100733,985.0480718096811,1215.4490890940874,1519.6683486891982,1319.2717304650425,1361.526943254818,973.720974678122,932.3904758786334,1276.6165537041006,1472.6291267292004,908.4139747899713,1085.2527190524338,1087.4236826804963,943.8700462439078,941.4371938845397,1152.0907313563828,1221.2797772018396,937.4512959252203,1097.6511448863273,931.1582295561698,1328.0993545831218,1150.1834979864727,985.795890284467,1124.7240213990576,1768.1288373033165,854.9536230741535,1516.6816028659077,1573.093616578871,1294.6606367961328,989.6649511666526,981.3917615409956,1588.3290445027983,2322.3344806408895,6.7,262.005,0.09,22024.502
01-2021,1426.8974392155408,1243.8174229264855,1173.4394724406263,1185.6416987908822,1596.5623820949213,1494.6363670639564,1557.3083786926315,1306.4763225877798,1512.404914793461,927.0347269201184,914.5246577385791,1427.8980773874137,1067.9752085699606,1528.519530217164,981.7607169665789,1287.2368137808692,2010.572272795452,1534.898668405167,1040.7004297673082,1185.3173760881468,1221.2847127749267,1512.9875012069308,1337.4126096401176,1362.3115283643883,977.3056850740631,933.6316770471462,1274.4015562796321,1485.6386673440848,909.1556899635602,1084.8505045267882,1097.7344462843423,917.8747983575811,945.2298633949429,1153.9727835500642,1227.7525748296694,939.5399618192354,1093.1647104057035,950.3110387913895,1331.9720181924722,1155.2500673272596,988.7383081643823,1129.5315461312957,1774.8015151656527,854.7361980692338,1522.949304749487,1573.7585294443784,1291.3240549933598,987.892101752126,984.0976992881698,1601.589151333469,2359.3884728687585,6.4,262.518,0.09,22600.185
02-2021,1448.368066812806,1251.787809256975,1172.0477560112,1191.428841973954,1626.983452801156,1499.9843935766964,1568.5355052310078,1307.6085765130672,1531.432682209554,933.0411170498385,909.0110991651521,1436.672938513493,1074.9850120139713,1515.801244654923,1032.8695404748057,1188.7494881071284,2019.1625391228156,1543.4337184154094,1051.9791894144612,1192.7311423147419,1229.5326292064897,1499.1220693642306,1346.4439451517117,1390.1396223312768,984.8760965051385,939.6159563242879,1282.3440903996748,1502.9805422066781,916.0943468566857,1092.342619543741,1103.9946076480887,917.7714774024087,950.7839272845276,1160.9671236647575,1233.19111990179,944.36735841336,1093.8941120065417,953.9140112175046,1332.1471072294617,1161.1091395929323,1000.299306377958,1139.9390327376038,1805.6619383886741,855.3843639294726,1535.0691569189935,1592.7799167426833,1285.9607825091525,994.8957670781372,988.9282475686707,1625.404233944142,2455.1575895715887,6.2,263.583,0.08,22600.185
03-2021,1475.4205644571284,1263.4559652624728,1175.7646013358526,1199.6535839351327,1645.1566708154187,1510.1410785799817,1584.1350115334774,1318.3070607309644,1551.2709135671362,942.3699888854177,903.8022260600142,1423.239211769317,1023.6542161234726,1522.8779269163235,993.6997235826648,1211.6590515592577,2036.1314843860528,1557.9709009145697,1060.8773928914366,1210.189488673982,1240.2730381266047,1509.8276919405475,1360.6187125419235,1426.1741751799411,995.0919882693682,945.0383807588353,1310.4781084658046,1522.3461883735213,925.4948509909385,1096.5520608407287,1108.8034925954266,924.0253822818295,959.2668934030614,1170.8303611466179,1240.199061519066,947.176441646814,1105.3506624674194,965.4823566907602,1340.5248226156464,1171.6750034423467,997.1199823560075,1188.2380926542346,1666.005991966788,859.4943925239583,1554.692728614145,1612.0838596988333,1283.9218608558542,1005.7175504325784,996.7932675044909,1652.607085222347,2546.9959973496184,6.1,264.91,0.07,22600.185
04-2021,1518.3844405004952,1276.5523116527684,1156.398591604973,1205.7821519939257,1669.7932414394904,1557.2494426758874,1604.5593479304819,1326.6288198454959,1580.9220982333002,955.4751003213198,921.1778022473039,1435.1451283829822,1056.2443113075997,1540.2486560424077,1001.2908463161293,1246.2781347847958,2056.4720136593137,1570.9021617596668,1072.1442250637535,1239.5345574347436,1260.6111422277606,1513.7813503336422,1378.85536366973,1469.5745930753642,1008.7234045721216,953.8083919974129,1326.3741696626396,1545.1797482679026,930.6307769730727,1108.5049368718946,1121.0069919399,931.7704695750856,968.8153000226317,1188.2920505538243,1249.8452723930006,949.2390672698533,1118.860821136663,972.2891486359938,1352.37913441781,1182.7829282568127,1003.000921191988,1204.7129395148552,1702.9161274838611,868.124810447183,1588.4400577020972,1626.7131062748751,1291.4639545930197,1021.7008477830054,1006.6457145501286,1683.122328579279,2565.8024066039475,6.1,266.752,0.07,23292.362
05-2021,1546.6738614406859,1294.1129994722844,1167.6251605019424,1217.7856121627883,1686.844931557885,1549.9992666010396,1631.4910043932548,1342.2222051599024,1596.3661345634036,969.6657343832627,939.0435704345333,1459.2999309239917,1069.714217034614,1579.546122669557,1013.8627721205805,1285.61168715864,2088.960934264356,1604.2297431793297,1085.434796972791,1271.4975331502592,1276.0921103273706,1536.0476976712082,1404.1322441814457,1499.7971253527503,1023.605239148516,961.0339577083507,1354.0309678963195,1577.7383343213273,929.2801493623126,1129.2243719726134,1134.2052673444055,946.5427496930172,980.4360522453587,1233.4081556521526,1265.7952292212892,952.98088540458,1136.8829937244284,982.9514326473106,1338.3829370564658,1195.6864776931482,1008.3636738896673,1225.6359646132587,1725.800910645372,877.7413595367938,1607.2675200587494,1636.5564191441913,1340.5937544634262,1031.5294587459073,1018.408560037685,1705.6770241355468,2574.4314625364304,5.8,268.452,0.06,23292.362
06-2021,1576.9264742264145,1316.3786105478414,1178.3337809009422,1227.7734127687895,1705.117794471751,1576.9489979175555,1662.6778725165552,1362.7171128944035,1611.6886253572798,978.8063109264895,959.466970331359,1504.0892369670837,1063.0673861030743,1621.1753815136917,1019.8413793383706,1322.5933002876482,2118.5736996761843,1633.5923995599665,1099.210393195379,1307.533773543365,1301.0501830339388,1570.822924915094,1427.9487395277365,1527.819496394458,1039.2986619327216,972.3560774667317,1368.7260482343443,1607.7972041443563,933.9566263670627,1157.3940488625403,1154.8344107169194,960.944698803172,991.8768441023536,1241.175618851247,1292.9970171988978,957.4663778109795,1154.8171791717625,997.1124321884284,1395.69469852891,1210.1271196447317,1018.1862257011057,1248.8247494554544,1751.9069344657025,887.0991208534282,1618.8522246397638,1668.9122877508478,1387.0067247234797,1044.4696303591136,1031.869487465709,1730.1323721503627,2656.27069829305,5.9,270.664,0.08,23292.362
07-2021,1595.1678408387695,1344.4957043195475,1188.7975392346586,1235.3748092615865,1727.8035328988108,1609.7908800888567,1696.063663474862,1391.8742423230915,1631.0564078789782,992.6962023730044,980.8756759296089,1537.961538993712,1071.6947779230416,1666.4606805099072,1025.4392779385305,1347.021897568301,2156.3341059289955,1665.7661257165164,1114.1508209328586,1335.396815623064,1324.6285924327701,1614.9252895669774,1445.2446699810964,1554.8231292452058,1052.6653337364075,1022.2136735759799,1403.5864358018005,1642.7662910818915,932.6184455041904,1175.7163277786476,1172.0562480685894,978.5819351142106,1003.2870471227145,1265.9343332836775,1326.5302702760089,961.9273269338822,1167.9130631298,1014.199765774319,1416.1344939448093,1229.0131944060138,1011.3055641718465,1278.3986240978018,1775.0789631104387,892.2685773091401,1682.6084496169165,1705.187098598878,1405.3299171352728,1060.1644602127371,1047.282652587302,1751.3997770704714,2726.8386652524823,5.4,271.994,0.1,23828.973
08-2021,1622.9267518541214,1371.9934826332515,1203.1339470548844,1239.3274106599174,1751.503719458814,1632.4596704904884,1727.177667843071,1408.2820638383716,1646.9911602842965,1006.794422766073,998.0837520396484,1562.3123899815741,1092.5821938073716,1687.14254046333,1007.8364773399527,1365.0182659694324,2190.3048340986543,1675.3060557116653,1122.6424660026476,1353.7115858215943,1343.2732691005742,1657.7213963446761,1463.5945796807162,1579.5232997023566,999.794976574413,992.0405322434196,1428.9223499114687,1665.4848900755137,936.1196029686624,1188.1672797703036,1194.846196533991,990.4390256148014,1016.3202066655883,1289.8865676010603,1360.7995106834994,965.1718871451063,1181.5037705507223,1025.566843752394,1434.2752804012223,1243.0406213226154,1006.3738985723706,1307.2493242838264,1796.7730673042156,897.6520009706231,1737.0829315790577,1743.7759504606356,1375.1696980717586,1079.7755187013918,1059.9892020522777,1780.1847387888015,2506.883751342808,5.1,272.789,0.09,23828.973
09-2021,1659.1900469873246,1393.5487633296352,1216.5926686969997,1238.8998415305236,1779.1423714173056,1652.9830951509957,1752.6389072067607,1418.430948979816,1666.9301845410614,1017.2443950762841,1004.3278865863432,1575.5367378450878,1109.722248935823,1705.3441541556788,1016.8490846525956,1374.7585411459186,2220.3607946577195,1688.217765198547,1127.7251873917594,1357.4512732699689,1364.4604730132367,1659.1160106526922,1472.2698253309406,1592.3909617585448,1003.6857005492724,998.0178005429049,1442.1011948891992,1681.3880519845789,942.3445394014891,1194.9522043705842,1208.192697285779,994.5804211153273,1023.7989563177522,1287.3467687218726,1379.8526652225157,967.0167335762158,1188.8244137346933,1037.1839852682438,1450.44730247263,1254.255308242284,1000.0152931387455,1332.216124488343,1810.2755276724668,899.2212440359996,1779.6318802447852,1758.412356929589,1428.8995166825075,1092.5347520009593,1062.4155956988657,1799.7712736448138,2496.832918235854,4.7,273.887,0.08,23828.973
10-2021,1687.3928853369464,1412.702645060613,1210.2085030212245,1207.5443129519956,1791.41126238191,1653.8489154643626,1768.7972232161496,1418.962615614821,1668.2677001067543,1020.4407110543876,1001.3671832658314,1594.456885018914,1108.6193426301697,1712.4519532798565,1023.5633560311004,1375.844807809517,2230.657485903386,1683.040667621277,1128.8884807373224,1356.831602250293,1395.1026274441801,1671.2816754736991,1485.9824575503646,1597.8996047445512,1007.8085888993772,1004.3674726203582,1438.0295734337421,1690.0337973493806,951.3355636488019,1202.476297629055,1223.1286004761432,1000.6417560410205,1028.5191639722746,1306.8571517272028,1382.646886275729,971.4086149309984,1195.455524604951,1050.667389777349,1466.1968397149762,1262.180231886655,1011.61669082066,1345.0798606397138,1806.7680201129926,903.4159253406553,1810.5825944721744,1758.410578314628,1431.9319032505268,1095.6030278632122,1064.5616830994197,1829.8235704019462,2507.2586650345606,4.5,276.434,0.08,24654.603
11-2021,1713.9529740926362,1421.6607893122614,1216.4794301823692,1205.5786627445943,1803.6133826785679,1657.231380386591,1779.6744447525307,1429.9585446145993,1674.6307993795924,1024.0554067937805,979.0868253164108,1590.3410158562178,1105.8058397028071,1723.5476994683677,1027.400031982297,1376.883170114476,2242.554194649988,1691.1616887983132,1130.7352290474187,1358.034243770444,1402.6927846601861,1646.5359612595842,1486.581475066973,1592.7795401002784,1014.1920558574021,1007.8990547524372,1434.9737361736588,1694.4575841364997,957.082652141276,1214.5579574990106,1224.704402549616,1010.7772293022998,1031.5638044556154,1283.5056834117588,1381.3630767437533,973.0793235987122,1202.9939910557769,1063.6339609508739,1468.9626052260064,1255.6191663791037,1019.2034568785847,1331.3678846635178,1817.6751540462974,904.6730556196386,1843.190773053916,1750.979137616252,1430.6791891462858,1095.3511820577962,1069.8569199267897,1856.9044221624893,2571.7605442998806,4.1,278.799,0.08,24654.603
12-2021,1631.4513876554063,1429.5916943422083,1251.3993561809857,1215.6247353894103,1827.637107089908,1651.1577404234379,1790.0111249974516,1443.2891909568964,1679.3834119085623,1029.5404574188701,989.214279260942,1598.8619816131747,1109.15872180673,1715.5173145829258,1044.144440716495,1376.2168954685312,2216.619221779842,1696.9200253101258,1036.9342650575602,1361.4242642564423,1409.5165127444573,1660.6782944167442,1498.474157767516,1596.1423656525103,1017.0626328292045,1014.0869298021177,1443.3523304157864,1662.5774568798201,958.8526781604202,1225.0194416834981,1232.5836623040466,1015.7223414851203,1036.280433451927,1252.6623873134279,1392.8915354225062,979.5984514229003,1210.2416876253435,1077.66496508885,1478.0835881842718,1278.6556151465495,1026.486685616729,1330.015232246204,1827.0302911599385,915.0082076968931,1868.7350657141963,1782.124523749101,1417.82315844069,1098.844399248437,1078.85703428165,1887.4471064193708,2617.885331266496,3.9,280.808,0.08,24654.603
01-2022,1647.7850767481102,1437.7396240766652,1221.4880539334233,1228.13580490953,1857.453639007072,1657.3873409355235,1801.4242706923096,1458.3649267662208,1698.8304030337163,1049.4263785358896,992.857248060966,1547.2069552330483,1119.456518057785,1719.6667563794952,1028.6811949863254,1293.0382252775007,2254.548997138278,1707.9085638473025,1042.4473068688446,1482.1858447938025,1415.987589903805,1670.678017501752,1497.6781504054263,1590.5268501828714,1024.7705995659296,1021.5370687616721,1458.074353865464,1647.380230969464,959.3034991821386,1198.8424892459918,1233.5588930255738,1022.694034915171,1056.9395928649521,1253.0331780797155,1297.0952557901173,985.8817404972247,1191.1579533941765,1095.4848759253791,1512.6416541427855,1260.5883946171784,1039.4338007110393,1338.9189422396546,1992.3551191933357,919.7369692299935,1881.8454071465521,1808.875271255813,1429.0287042099908,1075.1937114028146,1092.4722129401466,1914.8392929717006,2630.7219412583418,4.0,282.39,0.08,25029.116
02-2022,1654.9986170398859,1449.784408170295,1225.3082454938406,1245.175002297969,1894.5148849444595,1663.94101811042,1817.5558759566916,1469.2927405469168,1718.66838003557,1063.1921113855267,1004.0700333696238,1580.2894788753822,1127.911142388475,1717.2774195614247,997.8464444235979,1308.065478586536,2267.043663022107,1719.3310723133902,1043.6578629816752,1511.2238066155378,1414.5230396210425,1692.54676855401,1506.641601188151,1604.9550211285334,1033.7991937160834,1029.086987847587,1458.987916297029,1590.1083611171816,955.9332887366526,1203.6910432365514,1241.403948973982,1027.6438583674083,1058.5484855152788,1275.2198781380296,1311.0722282295233,992.3495687197366,1194.8147801260147,1109.4647251333026,1528.0147235858165,1270.4757436226935,1045.7600083642938,1351.5780979513177,1848.66808070203,931.4494901241163,1892.907158151004,1837.483510011037,1445.243115012821,1076.4086998532246,1110.2151427044926,1821.1207985287194,2663.6325588941495,3.8,284.535,0.08,25029.116
03-2022,1675.0384324161653,1470.3754123181689,1227.9625971095186,1255.1445692554805,1912.809841494135,1682.5009175049029,1834.2170868937628,1478.6900850243533,1739.8684762124012,1070.4560551234072,1013.6900624686739,1604.9170596359306,1140.1273577810186,1734.348276539831,998.5152252240931,1322.2798523574456,2286.1874356473,1738.4628658546687,1053.073717098776,1532.832046175651,1431.705687605018,1701.7878691816306,1508.7802961072168,1605.9554945423176,1048.0477420986758,1042.1213776178552,1474.8202385020193,1617.6561254858523,949.5517258478387,1208.5438306575059,1219.5385552566229,1036.7505132756626,1071.818469989633,1286.5320402752163,1450.609074660639,996.2652870533133,1206.532553679843,1126.5606647109403,1554.972763479009,1266.014956639224,1047.804924443377,1363.5862974059194,1885.1751724337112,933.4656038433538,1908.721727268895,1840.322304002072,1457.5801545860754,1081.0488957630228,1127.9802400186447,1782.2087063568633,2694.1184224612593,3.6,287.553,0.2,25029.116
04-2022,1631.4253234946243,1488.964481361919,1176.50667413043,1265.63059918398,1948.9242802012718,1699.7148038128805,1855.7211049799564,1495.8400218547172,1767.580324609061,1086.4293597035946,1021.4270212728165,1648.7689131453894,1197.589175004166,1746.9848447701406,1007.0632418030318,1351.5785471141019,2273.1024543312565,1769.9044647284936,1065.4838720813361,1563.570284240826,1458.4383877174998,1709.6010209632254,1523.0815043358923,1631.2945809581695,1061.1539023652736,1053.4364976892616,1493.1230978858293,1637.1793611099702,955.1872721940416,1215.4151995811396,1232.6565954253488,1048.7130068837007,1086.964804083823,1308.3892015975441,1344.7480939256966,999.1087666748268,1220.0360674572512,1141.0350692069878,1579.8905926253212,1281.6655317316324,1048.9408335616897,1382.518224604507,1922.2512643817486,942.685831647969,1931.812554307193,1878.1282223757241,1479.5378744350892,1092.9742382715658,1142.8784353310086,1795.862238493171,2742.815517414354,3.7,288.764,0.33,25544.273
05-2022,1644.8525014769646,1512.3142662242326,1184.2932209594214,1279.0624398290506,1958.5398620791311,1719.000974199731,1877.6018808427732,1514.1169774464627,1804.767232216738,1096.423721057123,1026.7993163248677,1660.897617419901,1239.67630243092,1767.0818868657868,1019.7709176922574,1382.5569510711623,2258.968646780951,1795.4788169114756,1077.2448223196068,1582.7267374466674,1480.1973139011848,1757.209950981571,1533.655360898003,1656.975318794347,1038.269878316524,1065.8420774578924,1536.177956851666,1657.1518928968683,972.4055322419968,1226.5235422679832,1248.6719791732096,1060.6138986510487,1071.9545347975773,1327.2357254750805,1313.1240996308798,1005.2931715280207,1238.1477628662365,1159.4422961886423,1595.174493565263,1291.9013394821918,1064.0656705648335,1400.8314316649414,1938.9881893475565,948.4324945089418,1955.4741391956,1909.8593411421944,1499.1083950241782,1102.117771453425,1126.1429293268623,1820.6613999843646,2730.7235652493505,3.6,291.359,0.77,25544.273
06-2022,1649.7674715801857,1532.4737445264673,1195.7771771154194,1282.9466534366964,1996.0419083634924,1743.9668317660432,1901.057542545066,1529.6465934459547,1834.6885585145421,1110.8927916465143,1036.4247549391703,1672.3119635545875,1233.5742954825764,1777.5601680541452,1029.928409099818,1484.976305745646,2278.4832981379936,1820.2449198051581,1091.653821839052,1732.426033318257,1500.3541365052072,1789.1886675446203,1548.1903789225753,1690.1146908420071,1092.5864816414808,1074.4542864324833,1555.655555205457,1653.7838457149,986.551072099634,1244.8253875709652,1259.7077485939722,1078.9752232958722,1061.10436234918,1349.6330846799722,1323.0326946209916,1012.1630611474708,1249.0183262965284,1186.2577032341312,1605.772953725088,1309.1916433950114,1078.5242527302662,1403.8964456766103,1952.4338497692966,955.8435078294764,1983.393743228279,1927.6114425907015,1519.0292485091613,1115.1467122864271,1141.4500937640682,1831.01941284014,2742.1506798213136,3.6,294.996,1.21,25544.273
07-2022,1649.989814766182,1550.7098468571364,1203.1451831884985,1148.0511376987909,1991.3016082449271,1769.3524600246346,1920.8793190391907,1541.9067742134725,1851.74186593666,1123.2338130247829,1054.489256523552,1675.457044533184,1249.6177211703066,1784.9211406584536,1023.2156297212125,1484.5899751473864,2291.53670665036,1832.2506444796848,1104.1144267390325,1618.5979084984538,1505.7674604742076,1836.8244540968562,1563.9051486102608,1699.8836203801052,1088.9923035065362,1038.294336911958,1573.6958022547562,1681.959405685084,993.7521709962728,1258.9893324539655,1268.2752833279815,1092.6236258170513,1071.7632795822776,1357.2168759508047,1330.5241271111852,1019.0522414227815,1265.2470939757532,1189.8171238579425,1612.977245427244,1319.981345134147,1080.9656474395827,1416.0552351485749,1977.6320143387827,962.5761140769289,2000.206300961723,1924.8576998894796,1537.3790906196346,1134.3086200604805,1144.6351262778594,1831.2769758863744,2738.7392543266087,3.5,294.977,1.68,25994.639
08-2022,1656.5611477427303,1564.8376420328275,1206.5904842461682,1148.027168339883,2004.430817035282,1789.2398878451033,1933.3590819310216,1552.2496917694766,1853.2976587942396,1127.0939411005645,1064.897122100427,1686.6150922883317,1256.5133791061542,1781.7697889125236,1041.5654026541372,1477.5302802537676,2302.0940540927286,1843.943028884901,1112.4623200760266,1634.5030810082317,1517.0894255079124,1855.1949245241412,1572.7870384530768,1708.454566253593,1066.022221161813,1043.8143691522148,1571.2311521180745,1670.5574183570925,987.0565566060388,1280.1883081497597,1277.5513827738184,1103.1215859316778,1079.2172594137703,1366.886646826513,1333.8562031925603,1023.9059015996712,1264.107422146459,1207.0704956937384,1625.8816381642516,1330.9999493820587,1080.1990028361997,1427.0564291000755,2008.6876113690128,971.5978353241524,2011.9769364260462,1938.0627903451361,1538.7022436956631,1142.5660190703861,1097.133899458548,1832.2311578774645,2762.1845602023436,3.6,295.209,2.33,25994.639
09-2022,1657.1311074466341,1576.6573386580585,1206.627972334085,1155.2948076382525,1988.228399865373,1801.3677223956677,1937.4110805615715,1560.135138444004,1847.0777260514628,1136.696711891333,1067.85100956932,1677.184447421673,1258.6843739724197,1770.8204723681865,1034.1011988466876,1469.28764012572,2309.017957134153,1847.6927138205533,1113.908818364356,1635.2471995207113,1526.3318179646449,1863.4900215718992,1575.389553123982,1697.5907845265217,1071.0171133244858,1047.531158010418,1577.704160666595,1665.70063040834,994.2632020589169,1287.4665125929084,1280.8877936002477,1103.0655594132788,1082.386341266019,1371.801444657018,1335.8009210610933,1023.7160551334717,1266.552254812311,1205.1007151744989,1628.123259854944,1334.3144538717313,1096.4170024509083,1426.960873010961,2013.0609878962975,974.9817375730569,2021.402944725512,1944.5159305368293,1553.7504458571784,1145.8405985813986,1089.085783863065,1828.8543003721113,2754.7700529413746,3.5,296.341,2.56,25994.639
10-2022,1651.1217345024068,1557.735540238519,1204.4713384921388,1150.9616225836492,1994.4620928929094,1806.5319894352829,1934.2986758154775,1565.751808296081,1845.9716961890701,1141.7373924067297,1058.9498056530579,1677.5907707826293,1255.9606494061152,1721.189792016804,1041.5494423779458,1446.909011298254,2309.79486527181,1852.3502625442059,1114.4354738372579,1629.219216846778,1522.5305443137995,1859.7688334384832,1565.1376789968026,1700.8233220845364,1077.7559655181738,1050.0428942943968,1580.6015797901775,1660.7224930894035,1002.8790328092384,1301.8444443332517,1283.610571084554,1100.9160382902728,1083.4753703535473,1379.178641775756,1338.8538702000267,1024.6872535568807,1268.6602489542527,1071.4487630500582,1626.944471352257,1334.511826779244,1106.0903817094754,1431.161519342813,1997.5542656721805,980.2971351064186,2035.4638556461787,1939.3137111750011,1541.1747103242365,1137.485794768827,1062.618522685605,1834.8001369265196,2753.282402958683,3.6,297.863,3.08,26408.405
11-2022,1649.3370957062232,1550.9864798327844,1202.0784369414928,1157.6629330257792,2006.7787670891564,1721.139571174963,1928.582733308719,1568.4560894180777,1849.145119672898,1145.8969935169382,1066.250742417349,1688.791500769732,1252.8347811998292,1717.9595690818342,1033.209388315473,1433.413509713923,2303.694481373324,1845.6881447789503,1116.6635168040689,1601.9410520485767,1518.1471905353799,1844.5732954783336,1560.0167536252459,1701.4219128915674,1078.0961412978647,1052.697705759712,1482.9400743948931,1658.720917791178,975.0516161332192,1298.6543112197996,1285.7887373096078,1098.9120039446746,1107.3843207024795,1378.1810516176895,1345.0999913992011,1027.694150365135,1267.0470844857412,1064.2511924001356,1620.4885909282657,1330.3404466799027,1109.0720917795159,1428.7955514660061,1989.220057645057,977.5992092591907,2051.6490810481387,1940.5118785715063,1542.622128361912,1142.8659092521973,1061.4478089039205,1833.3519745228725,2772.556665640372,3.6,298.648,3.78,26408.405
12-2022,1653.2376755416433,1549.236533678208,1202.3321311504633,1164.375555602396,2012.5492691049249,1663.9857522347304,1925.8956655144516,1569.4729560580402,1860.5871861871517,1147.3170743095502,1062.6044400711,1714.6722600102198,1250.1966455756979,1641.4905136776597,1064.0684198621761,1427.92280440067,2270.0245836861995,1844.2246321026141,1122.103178995904,1593.680804699572,1533.0518530138943,1860.208845339602,1567.928775074982,1713.5375003121987,1078.6378708675645,1057.2516009362912,1466.195340534924,1660.5981941634918,983.8635061990237,1307.3946127792774,1284.9730135079092,1106.5120513700194,1089.8614864176445,1375.9583047688757,1345.4927712480396,1033.4711561051188,1269.1404916084348,1056.4268214628466,1591.0447938381885,1331.652389703611,1098.0738076828225,1433.2938948113165,2019.3176032038295,985.7029174478087,2063.5354495701604,1952.5664396539614,1540.9173800383642,1152.6156250445954,1068.347254442213,1843.5249985561125,2799.776296159986,3.5,298.812,4.1,26408.405
01-2023,1661.2328625528694,1554.776617642373,1202.7598235507955,1248.4013736628985,2015.307818134378,1663.8498170963137,1927.7558298713695,1573.223846021016,1860.332856928281,1151.010330117769,1070.593136961904,1744.2149862102744,1241.1713386278464,1752.3326363928052,1056.7416398059947,1379.4185707410334,2271.206847462128,1850.7588213610802,1129.0354271683238,1582.2398299444244,1503.6146226923192,1859.0030717139412,1386.6753995003626,1718.2559687543849,1079.4056162119289,1059.6020896869243,1469.8637411876741,1683.4238719267803,988.539713464125,1291.18493364871,1266.7786269577657,1111.19668019154,1092.3989238845481,1377.3020731507495,1306.379904260233,1037.1847915843418,1286.8635157704514,1049.0491102367625,1601.829449647538,1334.7189331453117,1092.5253166646164,1438.8022546788995,2052.467850965985,989.23632666774,2066.191362204269,1976.2977900881795,1543.16519880743,1168.0371996620192,1074.9394314552976,1838.5587605018388,2818.9202705845983,3.4,300.356,4.33,26813.601
02-2023,1665.8699170554532,1566.1610844186766,1202.6597911163924,1183.2793895917914,2007.96764313947,1671.490321276184,1934.098208359558,1579.9294779401969,1867.6738776481725,1160.3172190650826,1067.799861190521,1764.9215456983995,1250.0665317566866,1747.9364256872962,1063.887508164613,1447.54127382255,2278.550655466985,1867.398080718592,1130.9174696543737,1595.7619102300077,1488.6154787391167,1876.1793628947262,1580.7452241204653,1714.9261514280197,1035.1063931799495,1042.826823206919,1480.9259538706704,1682.6483520246538,992.1740333762858,1286.88987701092,1275.5657456777233,1116.2189883593333,1094.9283591971212,1387.0231826742145,1317.1318984895317,1039.7252806820645,1260.439756040977,1050.805625770423,1567.431008726075,1337.6821433066511,1100.0143769968317,1447.1068229074438,2071.6640661988654,995.0707621607253,2064.3822875788724,2207.433334157374,1586.4071735943917,1108.1351351898377,1086.1023277412269,1848.9705866251259,2835.0787772104673,3.6,301.509,4.57,26813.601
03-2023,1672.366971008294,1505.692628622407,1202.7174974578807,1188.4901661501424,2025.1024031868792,1638.371802959957,1944.7761659329656,1597.2652692594497,1882.006024351221,1171.134326243879,1080.2269155690492,1783.1605287662749,1221.9576515760589,1774.3106070923702,1070.8609974702242,1457.4052492388403,2256.6859618726858,1885.154540162536,1083.8207547417348,1611.5080258906387,1474.6354523345033,1874.6358983169898,1400.776077064732,1716.0945513066067,1020.4061168993243,1050.634337139358,1509.5747204765355,1691.8540563448532,999.0408807880694,1263.7060570726726,1287.134731834056,1124.3994735439258,1099.8614416464034,1401.5032630591488,1336.5051352437806,1050.9214342416813,1270.1660321349639,1050.7541988565815,1570.898953282651,1331.467192350745,992.8152753726245,1458.9142967164198,2064.479593336874,999.3205379175961,2061.108986821774,2091.0902882531173,1595.4870728558165,1109.8660791925886,1075.4652758671944,1844.4839711205714,2842.8284587571748,3.5,301.744,4.65,26813.601
04-2023,1684.4459580448552,1518.8179646634208,1216.340062906498,1194.8595462337717,2052.372757826218,1598.7833909392573,1955.9823680912234,1609.829892044922,1912.9262946489844,1156.4268405671244,1095.4627738798822,1781.2794573584472,1243.4860936705911,1796.0470674953756,1081.0806257546033,1414.0707059864096,2266.781197533758,1895.4997241777542,1088.6101475679598,1512.5105693677394,1485.9054702755966,1894.3682170350755,1408.4712651178188,1725.0122723088298,1050.3183477824227,1061.878385502832,1533.4322440874093,1696.7469600244815,1008.4507107074008,1282.7961292919729,1241.113727956264,1131.362792900147,1064.5240155974525,1415.635127973561,1309.0071998496737,1057.79746546419,1278.046833558948,1057.5252495779935,1582.1669019325739,1339.093379816253,992.9269294975903,1469.4088125378148,2089.8577956899794,1004.399295248797,2059.739368808264,2075.2818198963228,1624.4921414798625,1112.0952784370018,1079.496700204021,1852.620999679473,2872.3110279707703,3.4,303.032,4.83,27063.012
05-2023,1694.6767934481466,1531.1014377777321,1198.307615329641,1199.7257401841746,2088.103640166629,1642.4926183043979,1969.2159886562185,1529.3731661695222,1935.8173565791585,1170.3647760784686,1109.204651350882,1770.718439789614,1255.2682722221991,1830.1675629561694,1090.1404393948073,1416.423896151868,2259.6625678262158,1911.9274458543514,1091.8028184150655,1526.3524575838674,1521.2351215688923,1906.1319246731937,1416.375335385499,1725.6000446687194,1069.6506350071925,1044.7441202624382,1549.3164342087357,1685.7803686825434,1025.3094976777406,1299.901422419413,1255.9170641583999,1138.462613553715,1096.623346954651,1417.9920879908398,1258.946564124718,1014.66282070832,1217.5631794117337,1061.835215893632,1599.3560199422373,1345.6496454857945,1000.7202495271367,1494.033977333289,2116.4922693961357,989.2110357724378,2009.2872872172923,2079.8713421287657,1610.7201940982509,1115.3031550969467,1086.5490806179123,1848.7473679177651,2848.702283848097,3.7,303.365,5.06,27063.012
06-2023,1697.8207602699183,1543.4204115661412,1205.2382774293,1204.7714992924828,2120.473466152908,1666.0141169140286,1979.6848724946533,1537.6835901774791,1959.3095299775991,1176.954964694745,1094.293606402782,1780.6861489900775,1264.6557509023366,1830.0490156127198,1098.4929871272893,1431.743389328337,2272.163426004716,1925.5614382870776,1095.461404850121,1543.2819115258594,1521.046209759948,1934.050423542494,1427.6621559191228,1741.7835772878516,1035.2860597542197,1046.4306961467269,1577.5031611544027,1694.643767188397,995.5646402022074,1306.9549929924888,1263.303326924311,1142.2557621847789,1090.6744270183215,1423.330083991316,1265.4158090523358,1022.8122620218555,1228.1053470750699,1075.544790591912,1607.8688760837226,1343.831222679583,1011.4033739901621,1480.3851136617843,2129.8972670187236,989.4291068725995,2016.5073686339686,2089.091943360792,1608.7080140406406,1124.1360814863272,1096.7012887840333,1856.751323017497,2864.1244429034573,3.6,304.003,5.08,27063.012
07-2023,1705.4456371548415,1552.487971961756,1208.2542040927106,1203.2258098158197,2123.737587734774,1686.8822370270282,1991.1634443637595,1544.4901384891057,1972.1173057035683,1191.5145193517549,1102.5367192410147,1794.404856199763,1268.149626311113,1838.1429621931131,1102.831339471997,1442.1678209871745,2285.707746212072,1963.341901215139,1102.9449797285386,1544.615254645931,1526.305776656479,1947.336809466492,1439.1284263094335,1764.9358621487295,1042.3998224111158,1050.0941653341995,1574.34311738416,1705.0492894229583,1017.4179113270648,1308.489646539827,1280.7285906985026,1155.6421923576963,1095.7492340653532,1450.2734559886633,1267.5343066234482,1026.752727986088,1229.9755856248926,1087.5444152393075,1624.0152983885423,1349.9687186708259,1011.5050746918067,1485.8697679337106,2128.025847378392,983.5453320600161,2049.3144767291274,2094.353096711754,1609.1902869347628,1128.2554107286685,1109.672393858119,1862.167771015911,2881.8997742225397,3.5,304.628,5.12,27610.128
08-2023,1707.5232541825385,1557.8916628392958,1210.9915545239735,1200.6029874138273,2128.791927807436,1683.1521921274807,1998.7539965528954,1552.088627620544,1984.4457173743726,1208.1014359644737,1109.566528219637,1815.6385088462794,1272.1737387638839,1833.1103154468492,1111.6719646604718,1495.243904807651,2292.6023207783555,1993.163180968044,1109.6357614176131,1547.1673325520394,1529.000581361431,1962.867864574329,1449.4542628280767,1788.3613288784509,1026.2332590400906,1060.8833898615405,1571.9439668042955,1719.3642369484535,1031.489054305854,1311.9080458369485,1287.0140709938498,1163.3873799383427,1101.0030990323692,1469.313951488565,1273.3117593002837,1029.0610538667886,1235.8487971722088,1098.0170780183123,1632.6515484719403,1355.4962631601302,1017.9169712146826,1493.4390110590991,2136.260985100772,985.0029850685554,2035.3017644306312,2107.1880623302054,1615.0601394516939,1135.97703033463,1112.919790395364,1863.0351885584666,2907.560015531232,3.8,306.187,5.33,27610.128
09-2023,1710.4432990671535,1561.778366535387,1215.3811754004225,1199.2989637233923,2115.0260013101392,1678.0235529384197,2002.2359576428307,1552.4298305426155,1986.2149598962287,1218.2341198699214,1112.1968317066726,1835.1969192427478,1277.4865497089822,1830.387869606225,1116.6178241703603,1446.3221551583838,2300.4261132768174,2007.8491158194097,1121.443551699923,1537.2882667440306,1537.2917378541906,1963.7822697245688,1450.636820667591,1781.8651626080002,1029.669581093703,1064.8071378826598,1565.929706768737,1706.3526815320333,1040.8143608883915,1400.2582939081553,1296.6709574300028,1176.729981750058,1111.4577772232733,1484.7855544007377,1276.9831239223286,1040.4369190870857,1241.2525977477046,1098.1094438871687,1643.1927272714254,1355.8585561113998,1023.2651011659709,1501.8349707531552,2148.8750473238533,989.4053067185145,2070.1842549551534,2127.105173659054,1631.326098104134,1135.7308844373813,1112.4383347062897,1803.4726403388217,2922.944986514596,3.8,307.288,5.33,27610.128
10-2023,1712.8472693399065,1563.60221621533,1208.2246934973516,1204.1005882203065,1985.2067965052593,1669.2920981974457,1999.850052492854,1556.7511856713138,1984.784933156768,1227.4681147702736,1101.210840406417,1835.073775145316,1283.9470191838473,1839.3344992148366,1124.3201015848033,1427.9835871203675,2301.3164183300028,2008.842825418443,1129.8219260663716,1528.3344445204536,1589.0861440642939,2063.3974867317324,1450.5841002985217,1765.399694236258,1030.368766686673,1070.695165992645,1578.206533249382,1714.611025234773,1002.4990923847892,1396.013128513929,1305.7624917906296,1174.815330304688,1122.8404003993194,1480.830762088265,1310.969645160043,1036.1277976028896,1250.3367350326807,1105.5788964402561,1635.5911383844464,1354.5905898700846,1038.17907794194,1497.7945335824118,2147.5702050629075,991.731010122384,2060.780072205053,2138.244413980429,1635.5393652234993,1140.353943904648,1114.7205909386403,1813.6597783465431,2942.7252880521883,3.8,307.531,5.33,27956.998
11-2023,1713.154301433564,1568.3403554691795,1207.2789885256827,1210.093532589177,2007.985743018465,1675.1548064807182,1994.6933642855558,1560.0434951103737,1984.9275581021188,1227.8062682923448,1082.5099091586058,1840.6267359900828,1282.0341257171515,1840.5159572007544,1121.9868655668963,1423.3402020279852,2274.421382877053,1998.8387102308575,1132.940192135702,1520.1179986617153,1589.0583148523563,2066.0603543710126,1449.8687155129576,1742.8227112856907,1030.1898386277294,1069.3024447079254,1583.8018184123555,1713.2039136781539,1001.9035610677673,1365.5701514704062,1304.0591494574687,1170.1013580291246,1123.6873764737259,1484.8168264525832,1293.6831479933394,1039.4365618460927,1251.9589345956526,1104.9155615761008,1632.526573406465,1341.6363989514612,1028.468166928875,1498.8545688881707,2159.1476128100026,992.2182265670049,2062.9368506385617,2131.3220514545014,1620.1306588689133,1147.7545455900292,1117.6379977183376,1807.8514716183474,2958.0159581616062,3.7,308.024,5.33,27956.998
12-2023,1715.6412478118375,1575.1890826797212,1205.495181384165,1212.8352398800776,2014.5371297705187,1674.2986461651572,1991.4352533196711,1561.0475165848482,2001.971248567893,1227.5547326929138,1084.2854809921025,1836.1304250134024,1282.6943532488222,1837.3772653209808,1123.1788335625586,1423.3683251269883,2267.454969054335,1995.892176649036,1140.2569431473482,1526.693593960987,1587.6031591354397,2073.336119509613,1445.9907967187828,1752.733280973814,1036.2269862463977,1075.3837861696861,1575.977028111225,1713.8613974103528,1000.6516601958474,1351.046754846696,1299.327511585735,1191.647119533825,1126.703711489816,1492.9713316929083,1289.4596897398203,1032.5751164748308,1257.5271272883808,1074.43053525523,1629.4431131411989,1343.0643584797515,1041.676501182153,1504.4656568202065,2173.1778644255332,992.9536580998745,2063.5798037971235,2109.057372421333,1617.5152792991903,1146.1556941776334,1120.0035242210095,1830.4991673126067,2924.5490299138078,3.7,308.742,5.33,27956.998
01-2024,1712.3573028526919,1577.1720036680076,1213.7682794851025,1253.4741184155941,2000.5270726498322,1676.784550288127,1993.9108937514227,1570.5874314782275,2008.3561495297677,1240.0996028181717,1086.5397947051,1839.2820912554548,1293.0957017751466,1817.5911259694324,1116.449285235305,1386.3304236992485,2270.2370130388863,1998.5194634178138,1143.272135778767,1519.4310782558819,1593.5808717977586,1987.379209303149,1465.9674946248986,1776.1312531064705,1037.665277038492,1081.49510276345,1572.5044070544197,1713.735012024982,998.5735226074277,1359.4155588873564,1315.0245390950072,1172.019092735664,1127.7150792357968,1502.212341688281,1288.5048449201097,1051.039805644761,1259.0542809192436,1070.7247240811391,1654.5059295184244,1343.1261563042926,1053.7287807604382,1516.7214826571171,2190.761427515458,991.3910064510085,2063.5263391209683,2136.748952858286,1625.8640903825012,1142.7786159985587,1115.7867415017815,1839.4986836333705,2964.001221476086,3.7,309.685,5.33,28255.928
02-2024,1718.5544402907087,1578.7396037990484,1215.1056851784185,1234.5284382799127,1987.5342438166972,1676.8722949740677,2001.5972539732468,1576.7591948710708,2019.7798589351148,1233.6898645140298,1115.711245087897,1856.1962957195474,1311.1196577283044,1829.8375433619906,1126.0032354147054,1392.4168238083075,2280.276830014865,2017.7508030975382,1121.726237678946,1527.9074080688151,1593.9980052302346,1989.122092357345,1472.4235188723462,1810.057935895943,1040.8456604529708,1093.3437775628763,1584.1843644119344,1727.746677760596,1009.6166322874178,1369.2862060347568,1283.6159636122745,1161.2644812696872,1135.2225489507607,1497.9392090230485,1347.2096258017068,1056.9931177609333,1238.286831966091,1072.5848862649977,1670.188263997329,1334.5674612412763,1008.4186303958013,1520.9217125016958,2198.116881109547,992.468319609085,2061.0334225845936,2258.9374949507774,1635.3585735480374,1136.9499343665,1117.33772964157,1859.2075179881435,3208.273759657355,3.9,311.054,5.33,28255.928
03-2024,1734.898640126572,1582.4573972357898,1231.9115961309744,1235.9593877696148,2002.1194762959715,1680.6856990419537,2012.428422483132,1597.002092115021,2032.7125779516455,1240.9250687286676,1118.7713953987989,1861.7505650574851,1323.349953352635,1801.8528108282565,1118.4827581414497,1398.760676726013,2300.5703616491037,2047.3162551224564,1130.2547394556332,1530.4618148993904,1623.7066605122573,2015.2484389359308,1489.4371537792447,1816.84619347343,1040.274143422006,1101.2110060576736,1606.9863839414495,1737.9345058119557,1021.3455117056734,1396.2329056770598,1287.2601282918647,1172.6251052310279,1139.3329605005963,1498.452333575937,1348.5640025217288,1062.5029474193257,1243.5957636545506,1080.0169808998094,1697.3536129833722,1367.8437024991179,996.3679210032183,1525.5203644192452,2219.749902023418,999.39344748329,2057.473335043768,2377.606614552407,1658.77973216026,1157.0529164082343,1132.578332326681,1851.3466243495473,3199.1073756392384,3.8,312.23,5.33,28255.928
04-2024,1737.490499373282,1594.9462509545767,1235.9294305259666,1237.0493892379616,2025.9771908162381,1712.9208658238147,2024.431809281883,1607.236458860008,2055.9832185705272,1251.2659191864618,1776.540613724451,1893.4032936867525,1335.3540646696692,1825.427258894002,1122.7794699980986,1411.889352349444,2313.4094487038947,2067.513398242393,1155.7625209965695,1570.173303435846,1614.8618806575507,2037.2781641144954,1491.7844338890905,1819.1556483937368,1046.392080177173,1116.2761740421938,1626.2216255206854,1754.1217773429387,1031.7852281657738,1410.2555163913275,1297.7578256780953,1178.5772899647775,1170.6532594026564,1477.8853669247653,1351.513100364046,1070.499907769146,1276.2594342357042,1095.2451021456825,1644.0392004827213,1376.1297067073954,990.468276251512,1523.0783486632367,2233.8966323429295,1010.5715727329501,2055.2801930347337,2388.8476239198462,1652.4534924581799,1144.9462228890943,1146.8767652719646,1841.5482691741547,3349.165151539908,3.9,313.207,5.33,28255.928
05-2024,1739.59800282564,1659.6564114695095,1248.8860078517853,1252.8190676294648,2039.9706482515305,1717.6680377705331,2036.145271295359,1622.9177885883373,2073.3200750265623,1227.5163554756443,1840.5432891765352,1879.5493101559373,1341.317210221905,1819.241808137215,1128.4473576119683,1426.232452666984,2307.1883476589855,2094.7617265286344,1159.2863086817445,1589.0218982806916,1607.3351047038025,2070.3918328584996,1737.4196953429418,1820.029607137502,1029.4013813598149,1122.7575002854499,1643.0947118489069,1757.8630214016066,1042.8254501807537,1425.5503847904013,1317.3757963578,1163.7784154700255,1180.7543624442758,1503.9276349553309,1356.873943800554,1074.9084279173976,1220.6328028051753,1124.8848314876195,1588.3344685132715,1410.8210709076457,1027.2569841859697,1542.563502188778,2248.919267367595,1021.2337109553853,2056.5771487298985,2387.6586777348816,1666.1696964821965,1129.4043802535098,1164.9957984055486,1847.2577841300736,3283.528679242075,4.0,313.225,5.33,28255.928
